<project _id='0' defaultElement='56aabfdb-cb88-4684-9d7c-6a33ba1fa867' uuid='7ba806fd-8fc8-41a5-a019-dc1536aca91f' author='7e840175-f9c4-4886-a221-ef91e3493e27' import='6707f981-110d-4629-a0bf-c35a4688025c'>
  <folder>
    <libraryFolder _id='1'>
      <name>
        <translation lang='en' text='Circuito Relogio Assincrono'/>
      </name>
      <items>
        <containerLibraryElement _id='2' uuid='56aabfdb-cb88-4684-9d7c-6a33ba1fa867'>
          <name>
            <translation lang='en' text='New Circuit'/>
          </name>
        </containerLibraryElement>
      </items>
    </libraryFolder>
  </folder>
</project>